invoice,Branch,Date,Gender,"Product line",Sales
750-67-8428,Alex,1/5/2019,Female,"Health and beauty",548.9715
226-31-3081,Giza,3/8/2019,Female,"Electronic accessories",80.22
631-41-3108,Alex,3/3/2019,Female,"Home and lifestyle",340.5255
123-19-1176,Alex,1/27/2019,Female,"Health and beauty",489.048
373-73-7910,Alex,2/8/2019,Female,"Sports and travel",634.3785
699-14-3026,Giza,3/25/2019,Female,"Electronic accessories",627.6165
355-53-5943,Alex,2/25/2019,Female,"Electronic accessories",433.692
315-22-5665,Giza,2/24/2019,Female,"Home and lifestyle",772.38
665-32-9167,Alex,1/10/2019,Female,"Health and beauty",76.146
692-92-5582,Cairo,2/20/2019,Female,"Food and beverages",172.746
351-62-0822,Cairo,2/6/2019,Female,"Fashion accessories",60.816
529-56-3974,Cairo,3/9/2019,Female,"Electronic accessories",107.142
365-64-0515,Alex,2/12/2019,Female,"Electronic accessories",246.4875
252-56-2699,Alex,2/7/2019,Female,"Food and beverages",453.495
829-34-3910,Alex,3/29/2019,Female,"Health and beauty",749.49
299-46-1805,Cairo,1/15/2019,Female,"Sports and travel",590.436
656-95-9349,Alex,3/11/2019,Female,"Health and beauty",506.6355
765-26-6951,Alex,1/1/2019,Female,"Sports and travel",457.443
329-62-1586,Alex,1/21/2019,Female,"Food and beverages",172.2105
319-50-3348,Cairo,3/11/2019,Female,"Home and lifestyle",84.63
300-71-4605,Giza,2/25/2019,Female,"Electronic accessories",451.71
371-85-5789,Cairo,3/5/2019,Female,"Health and beauty",277.137
273-16-6619,Cairo,3/15/2019,Female,"Home and lifestyle",69.72
636-48-8204,Alex,2/17/2019,Female,"Electronic accessories",181.44
549-59-1358,Alex,3/2/2019,Female,"Sports and travel",279.1845
227-03-5010,Alex,3/22/2019,Female,"Home and lifestyle",441.756
649-29-6775,Cairo,2/8/2019,Female,"Fashion accessories",35.196
189-17-4241,Alex,3/10/2019,Female,"Fashion accessories",184.107
145-94-9061,Cairo,1/25/2019,Female,"Food and beverages",463.89
848-62-7243,Alex,3/15/2019,Female,"Health and beauty",235.2105
871-79-8483,Cairo,2/25/2019,Female,"Fashion accessories",494.1825
149-71-6266,Cairo,1/28/2019,Female,"Sports and travel",737.7615
640-49-2076,Cairo,1/10/2019,Female,"Sports and travel",703.752
595-11-5460,Alex,3/15/2019,Female,"Health and beauty",202.818
183-56-6882,Giza,2/6/2019,Female,"Food and beverages",417.564
232-16-2483,Giza,1/7/2019,Female,"Sports and travel",71.526
129-29-8530,Alex,3/10/2019,Female,"Sports and travel",328.755
272-65-1806,Alex,1/15/2019,Female,"Electronic accessories",575.316
333-73-7901,Giza,3/23/2019,Female,"Health and beauty",461.328
777-82-7220,Cairo,3/3/2019,Female,"Home and lifestyle",253.008
280-35-5823,Cairo,1/17/2019,Female,"Home and lifestyle",91.056
554-53-8700,Giza,2/2/2019,Female,"Home and lifestyle",117.831
354-25-5821,Cairo,2/8/2019,Female,"Sports and travel",435.456
228-96-1411,Giza,3/4/2019,Female,"Food and beverages",829.08
617-15-4209,Giza,3/16/2019,Female,"Health and beauty",32.277
132-32-9879,Cairo,3/9/2019,Female,"Electronic accessories",394.632
370-41-7321,Cairo,2/27/2019,Female,"Health and beauty",535.7205
727-46-3608,Cairo,2/6/2019,Female,"Food and beverages",189.0945
669-54-1719,Cairo,2/10/2019,Female,"Electronic accessories",119.259
574-22-5561,Giza,3/19/2019,Female,"Fashion accessories",867.615
326-78-5178,Giza,2/3/2019,Female,"Food and beverages",671.79
162-48-8011,Alex,2/10/2019,Female,"Food and beverages",234.0975
616-24-2851,Cairo,3/22/2019,Female,"Fashion accessories",75.054
778-71-5554,Giza,1/25/2019,Female,"Fashion accessories",16.2015
242-55-6721,Cairo,3/7/2019,Female,"Home and lifestyle",33.936
399-46-5918,Giza,2/28/2019,Female,"Electronic accessories",722.232
106-35-6779,Alex,3/27/2019,Female,"Home and lifestyle",93.114
635-40-6220,Alex,2/7/2019,Female,"Health and beauty",752.64
817-48-8732,Alex,1/20/2019,Female,"Home and lifestyle",759.675
120-06-4233,Giza,3/12/2019,Female,"Electronic accessories",192.843
285-68-5083,Giza,2/15/2019,Female,"Sports and travel",77.931
803-83-5989,Giza,2/24/2019,Female,"Home and lifestyle",351.099
347-34-2234,Cairo,2/3/2019,Female,"Sports and travel",520.4115
199-75-8169,Alex,3/6/2019,Female,"Sports and travel",166.005
853-23-2453,Cairo,2/14/2019,Female,"Health and beauty",318.108
877-22-3308,Alex,3/13/2019,Female,"Health and beauty",166.635
838-78-4295,Giza,2/10/2019,Female,"Health and beauty",70.287
109-28-2512,Cairo,1/7/2019,Female,"Fashion accessories",614.943
232-11-3025,Alex,1/24/2019,Female,"Sports and travel",827.085
382-03-4532,Alex,2/2/2019,Female,"Health and beauty",19.2465
393-65-2792,Giza,1/6/2019,Female,"Food and beverages",939.54
796-12-2025,Giza,2/11/2019,Female,"Fashion accessories",652.26
510-95-6347,Cairo,3/5/2019,Female,"Food and beverages",152.838
841-35-6630,Giza,3/9/2019,Female,"Electronic accessories",478.233
287-21-9091,Alex,1/22/2019,Female,"Home and lifestyle",705.6315
732-94-0499,Giza,1/13/2019,Female,"Electronic accessories",437.325
263-10-3913,Giza,1/9/2019,Female,"Fashion accessories",463.428
381-20-0914,Alex,1/12/2019,Female,"Fashion accessories",189.0945
829-49-1914,Giza,3/5/2019,Female,"Food and beverages",822.255
756-01-7507,Giza,1/22/2019,Female,"Health and beauty",106.995
870-72-4431,Giza,1/21/2019,Female,"Health and beauty",624.897
847-38-7188,Cairo,1/26/2019,Female,"Food and beverages",304.542
480-63-2856,Giza,1/23/2019,Female,"Food and beverages",161.7
787-56-0757,Giza,2/23/2019,Female,"Food and beverages",337.512
360-39-5055,Giza,3/9/2019,Female,"Sports and travel",256.7775
730-50-9884,Giza,3/5/2019,Female,"Sports and travel",610.491
362-58-8315,Giza,3/25/2019,Female,"Fashion accessories",401.73
633-44-8566,Alex,3/27/2019,Female,"Food and beverages",362.943
504-35-8843,Alex,1/2/2019,Female,"Sports and travel",44.5935
318-68-5053,Cairo,2/27/2019,Female,"Health and beauty",485.037
565-80-5980,Giza,1/23/2019,Female,"Home and lifestyle",198.996
225-32-0908,Giza,1/26/2019,Female,"Sports and travel",471.03
873-51-0671,Alex,1/10/2019,Female,"Sports and travel",161.553
152-08-9985,Cairo,3/12/2019,Female,"Health and beauty",608.202
512-91-0811,Giza,2/6/2019,Female,"Health and beauty",94.2375
594-34-4444,Alex,3/8/2019,Female,"Electronic accessories",102.018
766-85-7061,Cairo,3/29/2019,Female,"Health and beauty",922.635
871-39-9221,Giza,2/9/2019,Female,"Electronic accessories",78.435
865-92-6136,Alex,3/23/2019,Female,"Food and beverages",166.1625
733-01-9107,Cairo,3/5/2019,Female,"Home and lifestyle",521.01
163-56-7055,Giza,3/26/2019,Female,"Fashion accessories",51.1455
189-98-2939,Giza,3/1/2019,Female,"Fashion accessories",742.2975
551-21-3069,Giza,2/1/2019,Female,"Electronic accessories",218.0115
212-62-1842,Alex,3/28/2019,Female,"Food and beverages",367.038
716-39-1409,Cairo,3/19/2019,Female,"Health and beauty",223.0725
704-48-3927,Alex,1/12/2019,Female,"Electronic accessories",931.035
628-34-3388,Giza,1/5/2019,Female,"Fashion accessories",172.494
630-74-5166,Alex,3/22/2019,Female,"Sports and travel",391.419
588-01-7461,Giza,3/24/2019,Female,"Food and beverages",321.111
861-77-0145,Giza,3/3/2019,Female,"Electronic accessories",860.685
479-26-8945,Cairo,2/5/2019,Female,"Sports and travel",34.629
210-67-5886,Giza,2/5/2019,Female,"Health and beauty",309.3615
227-78-1148,Cairo,2/15/2019,Female,"Fashion accessories",535.374
645-44-1170,Alex,1/19/2019,Female,"Home and lifestyle",548.7615
237-01-6122,Giza,2/1/2019,Female,"Home and lifestyle",763.4655
225-98-1496,Giza,3/2/2019,Female,"Fashion accessories",85.113
291-32-1427,Cairo,3/5/2019,Female,"Fashion accessories",115.185
659-65-8956,Cairo,1/16/2019,Female,"Fashion accessories",53.928
642-32-2990,Alex,2/2/2019,Female,"Food and beverages",115.08
378-24-2715,Cairo,1/20/2019,Female,"Home and lifestyle",112.224
638-60-7125,Alex,2/14/2019,Female,"Electronic accessories",836.304
659-36-1684,Giza,1/12/2019,Female,"Sports and travel",419.832
219-22-9386,Cairo,3/9/2019,Female,"Sports and travel",944.622
336-78-2147,Giza,3/13/2019,Female,"Home and lifestyle",536.844
268-27-6179,Cairo,3/9/2019,Female,"Fashion accessories",474.348
668-90-8900,Alex,3/10/2019,Female,"Home and lifestyle",688.6215
870-54-3162,Alex,1/27/2019,Female,"Sports and travel",169.3125
189-08-9157,Giza,1/8/2019,Female,"Fashion accessories",299.8485
663-86-9076,Giza,1/8/2019,Female,"Food and beverages",575.736
549-84-7482,Cairo,2/8/2019,Female,"Sports and travel",853.146
191-10-6171,Cairo,1/25/2019,Female,"Fashion accessories",291.207
802-70-5316,Alex,3/6/2019,Female,"Sports and travel",580.419
695-51-0018,Cairo,2/10/2019,Female,"Sports and travel",146.328
590-83-4591,Cairo,2/17/2019,Female,"Electronic accessories",550.935
483-71-1164,Giza,3/8/2019,Female,"Health and beauty",512.19
597-78-7908,Giza,2/18/2019,Female,"Fashion accessories",284.193
700-81-1757,Alex,1/18/2019,Female,"Electronic accessories",138.1275
354-39-5160,Alex,2/18/2019,Female,"Home and lifestyle",216.846
241-72-9525,Cairo,2/16/2019,Female,"Sports and travel",545.055
575-30-8091,Alex,3/16/2019,Female,"Sports and travel",609
731-81-9469,Giza,1/23/2019,Female,"Sports and travel",942.9
280-17-4359,Giza,1/25/2019,Male,"Health and beauty",950.25
338-65-2210,Giza,2/5/2019,Female,"Health and beauty",720.3
488-25-4221,Giza,2/22/2019,Female,"Food and beverages",31.9305
239-10-7476,Alex,1/21/2019,Female,"Home and lifestyle",491.085
458-41-1477,Giza,3/8/2019,Female,"Health and beauty",291.438
685-64-1609,Alex,2/10/2019,Female,"Fashion accessories",316.47
568-90-5112,Giza,3/19/2019,Male,"Health and beauty",277.788
262-47-2794,Cairo,3/6/2019,Male,"Home and lifestyle",603.624
238-49-0436,Alex,3/27/2019,Male,"Health and beauty",272.664
608-96-3517,Cairo,3/23/2019,Female,"Fashion accessories",384.468
584-86-7256,Giza,3/11/2019,Male,"Sports and travel",254.016
746-94-0204,Alex,1/29/2019,Male,"Fashion accessories",786.618
214-17-6927,Giza,2/7/2019,Female,"Food and beverages",103.824
400-89-4171,Giza,1/28/2019,Female,"Sports and travel",680.148
782-95-9291,Alex,2/20/2019,Male,"Food and beverages",484.5225
279-74-2924,Cairo,1/4/2019,Male,"Electronic accessories",75.7785
307-85-2293,Cairo,3/7/2019,Male,"Home and lifestyle",263.97
743-04-1105,Cairo,3/30/2019,Male,"Health and beauty",918.729
423-57-2993,Cairo,3/27/2019,Male,"Sports and travel",588.357
894-41-5205,Giza,1/19/2019,Female,"Food and beverages",362.712
275-28-0149,Alex,2/25/2019,Male,"Sports and travel",66.8745
101-17-6199,Alex,3/13/2019,Male,"Food and beverages",336.5565
423-80-0988,Giza,1/30/2019,Male,"Sports and travel",160.44
548-46-9322,Cairo,2/20/2019,Male,"Food and beverages",418.95
505-02-0892,Cairo,2/25/2019,Male,"Health and beauty",357.588
234-65-2137,Giza,1/16/2019,Male,"Home and lifestyle",1003.59
687-47-8271,Alex,2/8/2019,Male,"Fashion accessories",1039.29
796-32-9050,Alex,1/19/2019,Male,"Food and beverages",323.064
105-31-1824,Alex,2/1/2019,Male,"Sports and travel",510.972
249-42-3782,Alex,1/3/2019,Male,"Health and beauty",367.5525
316-55-4634,Cairo,1/26/2019,Male,"Food and beverages",420.2625
733-33-4967,Giza,3/3/2019,Male,"Electronic accessories",175.14
608-27-6295,Cairo,1/19/2019,Male,"Electronic accessories",333.207
414-12-7047,Cairo,1/18/2019,Male,"Food and beverages",166.236
827-26-2100,Alex,3/21/2019,Male,"Home and lifestyle",319.788
175-54-2529,Alex,3/3/2019,Male,"Food and beverages",186.228
139-52-2867,Giza,2/13/2019,Female,"Fashion accessories",165.4485
407-63-8975,Alex,3/23/2019,Male,"Food and beverages",465.444
342-65-4817,Giza,1/28/2019,Male,"Health and beauty",273.42
130-98-8941,Giza,2/9/2019,Male,"Fashion accessories",472.311
434-83-9547,Giza,1/23/2019,Male,"Food and beverages",323.148
851-28-6367,Alex,3/23/2019,Male,"Sports and travel",162.75
824-88-3614,Giza,1/25/2019,Male,"Health and beauty",288.204
586-25-0848,Alex,3/4/2019,Female,"Sports and travel",90.699
895-66-0685,Cairo,3/5/2019,Male,"Food and beverages",56.952
305-14-0245,Cairo,3/3/2019,Female,"Home and lifestyle",793.716
732-04-5373,Cairo,2/8/2019,Male,"Home and lifestyle",195.174
400-60-7251,Alex,2/10/2019,Male,"Home and lifestyle",77.7735
593-65-1552,Giza,1/28/2019,Female,"Home and lifestyle",293.202
284-34-9626,Cairo,2/11/2019,Female,"Home and lifestyle",242.676
437-58-8131,Cairo,1/15/2019,Female,"Fashion accessories",154.392
286-43-6208,Giza,3/16/2019,Female,"Food and beverages",829.71
641-43-2399,Cairo,1/26/2019,Male,"Home and lifestyle",107.31
831-07-6050,Alex,3/19/2019,Male,"Electronic accessories",171.7275
556-86-3144,Giza,1/13/2019,Female,"Fashion accessories",78.0045
848-24-9445,Giza,3/26/2019,Male,"Health and beauty",91.77
856-22-8149,Alex,3/23/2019,Female,"Home and lifestyle",26.5545
699-01-4164,Giza,3/12/2019,Male,"Health and beauty",174.3
420-11-4919,Giza,2/17/2019,Female,"Food and beverages",374.7975
606-80-4905,Giza,1/29/2019,Female,"Sports and travel",120.645
542-41-0513,Cairo,3/15/2019,Female,"Electronic accessories",241.458
426-39-2418,Giza,1/14/2019,Male,"Electronic accessories",451.3635
875-46-5808,Cairo,2/6/2019,Male,"Health and beauty",271.95
394-43-4238,Cairo,2/15/2019,Male,"Home and lifestyle",93.2925
749-24-1565,Alex,1/3/2019,Female,"Health and beauty",217.6335
672-51-8681,Giza,1/4/2019,Female,"Electronic accessories",629.8425
263-87-5680,Giza,3/18/2019,Female,"Home and lifestyle",299.565
573-58-9734,Cairo,3/28/2019,Female,"Fashion accessories",95.6655
817-69-8206,Cairo,3/2/2019,Female,"Electronic accessories",942.4485
888-02-0338,Alex,1/25/2019,Male,"Electronic accessories",247.8735
677-11-0152,Giza,1/16/2019,Female,"Food and beverages",881.307
142-63-6033,Cairo,3/20/2019,Male,"Home and lifestyle",484.89
656-16-1063,Cairo,1/4/2019,Male,"Sports and travel",146.223
891-58-8335,Cairo,3/11/2019,Female,"Sports and travel",217.6335
802-43-8934,Alex,3/22/2019,Male,"Home and lifestyle",19.194
560-30-5617,Cairo,3/24/2019,Female,"Sports and travel",130.0425
319-74-2561,Alex,2/21/2019,Female,"Electronic accessories",298.116
549-03-9315,Cairo,2/12/2019,Male,"Fashion accessories",796.908
790-29-1172,Cairo,3/10/2019,Female,"Food and beverages",180.621
239-36-3640,Cairo,1/31/2019,Male,"Electronic accessories",285.705
468-01-2051,Cairo,3/6/2019,Male,"Food and beverages",456.288
389-25-3394,Giza,2/17/2019,Male,"Electronic accessories",62.0025
279-62-1445,Giza,2/21/2019,Female,"Fashion accessories",13.167
213-72-6612,Alex,3/20/2019,Male,"Food and beverages",90.825
746-68-6593,Giza,1/11/2019,Female,"Sports and travel",183.036
836-82-5858,Cairo,1/26/2019,Male,"Health and beauty",655.5465
583-72-1480,Giza,1/31/2019,Male,"Electronic accessories",155.652
466-61-5506,Cairo,2/26/2019,Female,"Electronic accessories",571.41
721-86-6247,Alex,3/11/2019,Female,"Home and lifestyle",532.728
289-65-5721,Cairo,1/26/2019,Female,"Fashion accessories",170.877
545-46-3100,Cairo,3/12/2019,Female,"Electronic accessories",33.3585
418-02-5978,Cairo,2/11/2019,Female,"Health and beauty",794.6505
269-04-5750,Cairo,2/21/2019,Male,"Fashion accessories",310.044
157-13-5295,Alex,3/9/2019,Male,"Health and beauty",545.37
645-78-8093,Alex,1/20/2019,Female,"Sports and travel",195.594
211-30-9270,Giza,1/28/2019,Male,"Health and beauty",91.4025
755-12-3214,Giza,3/5/2019,Female,"Fashion accessories",232.155
346-84-3103,Cairo,3/2/2019,Female,"Electronic accessories",69.405
478-06-7835,Alex,1/11/2019,Male,"Fashion accessories",94.1745
540-11-4336,Alex,1/11/2019,Male,"Food and beverages",235.683
448-81-5016,Alex,3/11/2019,Male,"Health and beauty",125.517
142-72-4741,Giza,2/28/2019,Male,"Fashion accessories",195.72
217-58-1179,Alex,1/5/2019,Male,"Home and lifestyle",263.13
376-02-8238,Cairo,2/2/2019,Male,"Home and lifestyle",788.508
530-90-9855,Alex,1/1/2019,Male,"Home and lifestyle",399.756
866-05-7563,Cairo,2/9/2019,Female,"Electronic accessories",256.41
604-70-6476,Alex,1/23/2019,Male,"Fashion accessories",94.185
799-71-1548,Alex,1/7/2019,Male,"Electronic accessories",326.424
785-13-7708,Cairo,1/14/2019,Male,"Food and beverages",536.991
845-51-0542,Cairo,2/2/2019,Male,"Food and beverages",439.8975
662-47-5456,Giza,3/17/2019,Male,"Fashion accessories",369.495
883-17-4236,Giza,3/2/2019,Female,"Sports and travel",30.219
290-68-2984,Alex,3/16/2019,Male,"Home and lifestyle",99.75
704-11-6354,Alex,1/6/2019,Male,"Home and lifestyle",494.76
110-48-7033,Cairo,1/29/2019,Male,"Fashion accessories",137.004
366-93-0948,Alex,1/31/2019,Male,"Electronic accessories",69.6675
729-09-9681,Alex,2/5/2019,Male,"Home and lifestyle",163.233
151-16-1484,Alex,2/13/2019,Male,"Electronic accessories",135.45
380-94-4661,Giza,2/7/2019,Male,"Electronic accessories",276.948
850-41-9669,Alex,3/19/2019,Female,"Electronic accessories",709.317
821-07-3596,Giza,3/7/2019,Female,"Fashion accessories",69.09
655-85-5130,Cairo,3/13/2019,Female,"Fashion accessories",160.86
447-15-7839,Alex,2/9/2019,Female,"Sports and travel",233.52
154-74-7179,Cairo,2/26/2019,Male,"Sports and travel",57.1725
253-12-6086,Alex,3/12/2019,Female,"Sports and travel",723.24
808-65-0703,Giza,3/14/2019,Male,"Home and lifestyle",148.974
571-94-0759,Cairo,1/8/2019,Female,"Food and beverages",783.3
144-51-6085,Alex,1/5/2019,Male,"Home and lifestyle",297.108
731-14-2199,Alex,1/4/2019,Female,"Home and lifestyle",373.17
783-09-1637,Cairo,3/6/2019,Female,"Sports and travel",354.0075
687-15-1097,Giza,1/3/2019,Female,"Health and beauty",44.352
126-54-1082,Alex,1/7/2019,Female,"Home and lifestyle",203.553
633-91-1052,Alex,1/27/2019,Female,"Home and lifestyle",25.263
477-24-6490,Cairo,2/26/2019,Female,"Health and beauty",628.173
566-19-5475,Cairo,1/7/2019,Male,"Fashion accessories",352.5795
526-86-8552,Giza,1/7/2019,Female,"Home and lifestyle",229.11
376-56-3573,Giza,2/2/2019,Female,"Fashion accessories",400.764
537-72-0426,Giza,3/20/2019,Male,"Fashion accessories",745.395
828-61-5674,Alex,3/20/2019,Male,"Sports and travel",462.21
136-08-6195,Alex,2/15/2019,Female,"Home and lifestyle",587.664
523-38-0215,Giza,3/6/2019,Male,"Home and lifestyle",38.85
490-29-1201,Alex,1/6/2019,Female,"Sports and travel",16.107
667-92-0055,Alex,3/4/2019,Male,"Health and beauty",628.929
565-17-3836,Alex,3/12/2019,Female,"Health and beauty",200.214
498-41-1961,Cairo,2/20/2019,Male,"Health and beauty",350.07
593-95-4461,Giza,3/24/2019,Male,"Home and lifestyle",78.603
226-71-3580,Giza,1/31/2019,Female,"Sports and travel",224.4375
283-79-9594,Cairo,1/25/2019,Female,"Food and beverages",356.5485
430-60-3493,Alex,2/3/2019,Female,"Home and lifestyle",697.368
139-20-0155,Cairo,1/24/2019,Male,"Electronic accessories",423.15
558-80-4082,Giza,3/14/2019,Male,"Electronic accessories",204.6975
278-97-7759,Alex,2/18/2019,Female,"Electronic accessories",65.604
316-68-6352,Alex,1/21/2019,Female,"Food and beverages",76.356
585-03-5943,Cairo,3/13/2019,Male,"Health and beauty",190.155
211-05-0490,Giza,3/3/2019,Female,"Electronic accessories",272.58
727-75-6477,Giza,3/29/2019,Male,"Electronic accessories",121.128
744-02-5987,Alex,1/10/2019,Male,"Home and lifestyle",493.794
307-83-9164,Alex,1/25/2019,Male,"Home and lifestyle",252.042
779-06-0012,Giza,1/19/2019,Female,"Home and lifestyle",93.0405
446-47-6729,Giza,1/2/2019,Male,"Fashion accessories",209.622
573-10-3877,Cairo,3/12/2019,Male,"Health and beauty",40.9605
735-06-4124,Giza,2/25/2019,Male,"Food and beverages",51.0405
439-54-7422,Alex,3/18/2019,Female,"Electronic accessories",214.998
396-90-2219,Cairo,2/23/2019,Female,"Electronic accessories",125.664
411-77-0180,Alex,3/26/2019,Male,"Electronic accessories",530.67
286-01-5402,Alex,3/30/2019,Female,"Sports and travel",295.6905
803-17-8013,Alex,2/17/2019,Female,"Home and lifestyle",745.836
512-98-1403,Alex,3/21/2019,Female,"Electronic accessories",83.412
848-42-2560,Alex,3/5/2019,Female,"Fashion accessories",172.011
532-59-7201,Cairo,1/31/2019,Male,"Sports and travel",503.559
181-94-6432,Giza,2/5/2019,Male,"Fashion accessories",145.593
870-76-1733,Alex,2/1/2019,Female,"Food and beverages",74.7075
423-64-4619,Alex,3/7/2019,Female,"Health and beauty",146.9475
227-07-4446,Giza,2/10/2019,Female,"Electronic accessories",820.365
174-36-3675,Giza,2/14/2019,Male,"Food and beverages",208.677
428-83-5800,Giza,2/9/2019,Female,"Food and beverages",66.402
603-07-0961,Giza,1/10/2019,Male,"Electronic accessories",392.6475
704-20-4138,Giza,3/11/2019,Female,"Health and beauty",218.0745
787-15-1757,Giza,2/18/2019,Male,"Health and beauty",185.094
649-11-3678,Giza,2/26/2019,Female,"Food and beverages",216.6885
622-20-1945,Giza,1/18/2019,Female,"Health and beauty",41.391
372-94-8041,Alex,2/15/2019,Male,"Health and beauty",96.138
563-91-7120,Alex,3/8/2019,Female,"Fashion accessories",324.2925
746-54-5508,Alex,1/17/2019,Male,"Home and lifestyle",135.576
276-54-0879,Cairo,3/12/2019,Male,"Sports and travel",410.508
815-11-1168,Alex,3/9/2019,Male,"Food and beverages",523.845
719-76-3868,Giza,3/12/2019,Male,"Food and beverages",395.892
730-61-8757,Cairo,1/25/2019,Male,"Health and beauty",214.746
340-66-0321,Alex,3/25/2019,Male,"Electronic accessories",152.712
868-81-1752,Cairo,2/7/2019,Male,"Home and lifestyle",208.089
634-97-8956,Alex,2/17/2019,Male,"Food and beverages",103.635
566-71-1091,Alex,2/3/2019,Male,"Fashion accessories",404.355
442-48-3607,Alex,3/14/2019,Male,"Food and beverages",49.308
835-16-0096,Giza,3/24/2019,Male,"Sports and travel",77.175
527-09-6272,Alex,3/21/2019,Female,"Electronic accessories",149.3625
898-04-2717,Alex,3/19/2019,Male,"Fashion accessories",721.98
692-27-8933,Cairo,2/24/2019,Female,"Sports and travel",365.085
633-09-3463,Giza,3/28/2019,Female,"Electronic accessories",150.0975
374-17-3652,Cairo,2/5/2019,Female,"Food and beverages",404.649
378-07-7001,Cairo,2/10/2019,Male,"Electronic accessories",151.4835
433-75-6987,Cairo,3/5/2019,Female,"Health and beauty",411.3795
873-95-4984,Cairo,2/15/2019,Female,"Health and beauty",565.215
416-13-5917,Giza,1/30/2019,Female,"Food and beverages",509.4075
150-89-8043,Alex,2/14/2019,Male,"Sports and travel",140.6475
135-84-8019,Alex,2/27/2019,Female,"Fashion accessories",736.4385
441-94-7118,Alex,2/4/2019,Male,"Electronic accessories",75.5475
725-96-3778,Giza,1/20/2019,Female,"Home and lifestyle",749.7
531-80-1784,Alex,3/28/2019,Male,"Electronic accessories",191.247
400-45-1220,Cairo,2/27/2019,Female,"Health and beauty",141.75
860-79-0874,Giza,2/15/2019,Female,"Fashion accessories",1042.65
834-61-8124,Alex,1/26/2019,Male,"Electronic accessories",379.9215
115-99-4379,Cairo,3/14/2019,Female,"Fashion accessories",402.2655
565-67-6697,Cairo,3/2/2019,Male,"Home and lifestyle",255.15
320-49-6392,Giza,3/4/2019,Female,"Electronic accessories",31.752
889-04-9723,Cairo,1/7/2019,Female,"Food and beverages",374.388
632-90-0281,Giza,3/8/2019,Female,"Fashion accessories",394.275
554-42-2417,Giza,1/9/2019,Female,"Sports and travel",1002.12
453-63-6187,Cairo,3/1/2019,Male,"Electronic accessories",86.625
578-80-7669,Cairo,3/16/2019,Male,"Sports and travel",78.7185
612-36-5536,Alex,2/17/2019,Male,"Food and beverages",680.064
605-72-4132,Giza,2/27/2019,Female,"Food and beverages",793.548
471-41-2823,Giza,3/7/2019,Male,"Food and beverages",209.559
462-67-9126,Alex,1/21/2019,Male,"Home and lifestyle",461.286
272-27-9238,Giza,2/19/2019,Female,"Food and beverages",173.208
834-25-9262,Giza,1/6/2019,Female,"Fashion accessories",343.056
122-61-9553,Giza,3/14/2019,Female,"Electronic accessories",484.974
468-88-0009,Alex,3/24/2019,Male,"Home and lifestyle",276.948
613-59-9758,Giza,1/27/2019,Female,"Sports and travel",150.78
254-31-0042,Alex,3/6/2019,Male,"Electronic accessories",203.175
201-86-2184,Cairo,2/2/2019,Female,"Electronic accessories",193.011
261-12-8671,Cairo,1/25/2019,Female,"Fashion accessories",128.016
730-70-9830,Giza,3/14/2019,Female,"Home and lifestyle",441.693
382-25-8917,Giza,1/29/2019,Male,"Fashion accessories",265.104
422-29-8786,Alex,1/3/2019,Female,"Home and lifestyle",352.2225
667-23-5919,Alex,1/14/2019,Female,"Fashion accessories",507.675
843-01-4703,Cairo,1/5/2019,Female,"Home and lifestyle",334.341
743-88-1662,Giza,2/22/2019,Male,"Sports and travel",701.8515
595-86-2894,Giza,2/6/2019,Male,"Fashion accessories",407.316
182-69-8360,Cairo,1/30/2019,Female,"Electronic accessories",99.33
289-15-7034,Alex,1/11/2019,Male,"Sports and travel",345.786
462-78-5240,Giza,3/19/2019,Female,"Electronic accessories",55.881
868-52-7573,Cairo,1/14/2019,Female,"Food and beverages",523.3725
153-58-4872,Giza,3/1/2019,Female,"Food and beverages",314.538
662-72-2873,Alex,1/6/2019,Female,"Food and beverages",214.935
525-88-7307,Cairo,1/31/2019,Male,"Sports and travel",79.611
689-16-9784,Giza,3/11/2019,Male,"Food and beverages",294.651
725-56-0833,Alex,2/20/2019,Female,"Health and beauty",339.36
394-41-0748,Giza,1/27/2019,Female,"Fashion accessories",510.9615
596-42-3999,Cairo,3/10/2019,Male,"Food and beverages",133.917
541-89-9860,Giza,2/15/2019,Female,"Fashion accessories",253.512
173-82-9529,Cairo,1/26/2019,Female,"Fashion accessories",398.475
563-36-9814,Alex,2/13/2019,Male,"Electronic accessories",80.661
308-47-4913,Alex,3/9/2019,Female,"Sports and travel",548.73
885-17-6250,Alex,3/6/2019,Female,"Health and beauty",83.727
726-27-2396,Alex,1/24/2019,Female,"Health and beauty",406.875
316-01-3952,Alex,3/13/2019,Female,"Food and beverages",284.9175
760-54-1821,Cairo,3/15/2019,Male,"Home and lifestyle",128.4255
793-10-3222,Cairo,3/5/2019,Female,"Health and beauty",258.678
346-12-3257,Cairo,3/4/2019,Male,"Electronic accessories",181.818
110-05-6330,Giza,3/25/2019,Female,"Food and beverages",248.409
651-61-0874,Giza,3/12/2019,Male,"Home and lifestyle",194.124
236-86-3015,Giza,2/4/2019,Male,"Home and lifestyle",14.679
831-64-0259,Cairo,2/22/2019,Female,"Fashion accessories",208.6875
587-03-7455,Giza,2/16/2019,Female,"Fashion accessories",718.7565
882-40-4577,Alex,1/19/2019,Male,"Sports and travel",282.492
732-67-5346,Alex,1/11/2019,Male,"Food and beverages",72.3975
725-32-9708,Cairo,1/4/2019,Female,"Fashion accessories",288.582
256-08-8343,Alex,3/4/2019,Female,"Home and lifestyle",237.426
372-26-1506,Giza,1/28/2019,Female,"Fashion accessories",125.055
244-08-0162,Cairo,1/2/2019,Female,"Health and beauty",359.205
569-71-4390,Cairo,1/25/2019,Male,"Sports and travel",45.927
132-23-6451,Alex,1/4/2019,Male,"Health and beauty",110.0925
696-90-2548,Alex,3/10/2019,Male,"Sports and travel",81.396
472-15-9636,Alex,3/22/2019,Male,"Home and lifestyle",427.812
268-03-6164,Cairo,1/25/2019,Male,"Health and beauty",100.9155
750-57-9686,Giza,1/8/2019,Female,"Home and lifestyle",190.596
186-09-3669,Giza,1/22/2019,Female,"Health and beauty",85.5855
848-07-1692,Cairo,1/12/2019,Female,"Health and beauty",120.162
745-71-3520,Alex,2/4/2019,Female,"Electronic accessories",185.367
266-76-6436,Giza,3/28/2019,Female,"Food and beverages",121.59
740-22-2500,Giza,1/23/2019,Female,"Electronic accessories",264.7575
271-88-8734,Giza,2/8/2019,Female,"Fashion accessories",1020.705
301-81-8610,Cairo,3/19/2019,Male,"Fashion accessories",213.528
489-64-4354,Giza,3/9/2019,Male,"Fashion accessories",17.094
198-84-7132,Cairo,1/2/2019,Male,"Fashion accessories",383.7645
269-10-8440,Alex,1/21/2019,Male,"Health and beauty",390.7995
650-98-6268,Cairo,3/20/2019,Female,"Food and beverages",65.7405
741-73-3559,Cairo,2/27/2019,Male,"Sports and travel",353.1675
325-77-6186,Alex,3/8/2019,Female,"Home and lifestyle",951.825
286-75-7818,Cairo,1/31/2019,Male,"Fashion accessories",145.068
574-57-9721,Giza,3/8/2019,Male,"Food and beverages",90.867
459-50-7686,Alex,1/13/2019,Female,"Electronic accessories",147.798
616-87-0016,Cairo,3/9/2019,Male,"Fashion accessories",702.219
837-55-7229,Cairo,2/22/2019,Female,"Fashion accessories",49.812
751-69-0068,Giza,3/19/2019,Male,"Sports and travel",937.818
257-73-1380,Giza,1/20/2019,Male,"Sports and travel",348.306
345-08-4992,Alex,3/8/2019,Male,"Home and lifestyle",214.137
549-96-4200,Giza,3/8/2019,Male,"Food and beverages",71.568
810-60-6344,Giza,2/7/2019,Female,"Electronic accessories",343.224
450-28-2866,Giza,1/15/2019,Male,"Food and beverages",91.56
394-30-3170,Cairo,3/22/2019,Female,"Sports and travel",742.812
138-17-5109,Alex,1/15/2019,Female,"Home and lifestyle",843.0345
192-98-7397,Giza,1/8/2019,Male,"Fashion accessories",13.419
301-11-9629,Alex,1/15/2019,Female,"Sports and travel",140.385
390-80-5128,Cairo,1/28/2019,Female,"Health and beauty",20.1075
235-46-8343,Giza,2/14/2019,Male,"Food and beverages",290.43
453-12-7053,Giza,3/10/2019,Male,"Fashion accessories",144.081
296-11-7041,Cairo,1/12/2019,Female,"Health and beauty",28.4235
449-27-2918,Cairo,3/26/2019,Female,"Sports and travel",41.076
891-01-7034,Cairo,1/1/2019,Female,"Electronic accessories",470.673
744-09-5786,Cairo,1/2/2019,Male,"Electronic accessories",138.663
727-17-0390,Alex,3/16/2019,Female,"Food and beverages",333.9525
568-88-3448,Alex,3/3/2019,Male,"Health and beauty",26.25
187-83-5490,Alex,1/31/2019,Male,"Electronic accessories",87.234
767-54-1907,Cairo,2/13/2019,Female,"Fashion accessories",155.19
710-46-4433,Cairo,2/15/2019,Female,"Food and beverages",731.43
533-33-5337,Cairo,2/7/2019,Male,"Electronic accessories",833.595
325-90-8763,Giza,1/27/2019,Female,"Electronic accessories",488.985
729-46-7422,Giza,2/23/2019,Male,"Food and beverages",37.6845
639-76-1242,Giza,2/3/2019,Male,"Food and beverages",212.73
234-03-4040,Cairo,3/3/2019,Female,"Food and beverages",767.025
326-71-2155,Giza,2/3/2019,Female,"Sports and travel",310.59
320-32-8842,Giza,3/17/2019,Female,"Food and beverages",23.751
470-32-9057,Alex,3/28/2019,Male,"Food and beverages",269.535
878-30-2331,Giza,3/2/2019,Female,"Sports and travel",572.775
440-59-5691,Giza,2/8/2019,Female,"Health and beauty",273.0525
554-53-3790,Cairo,3/22/2019,Male,"Sports and travel",233.226
746-19-0921,Giza,2/9/2019,Male,"Food and beverages",22.659
233-34-0817,Giza,2/15/2019,Female,"Electronic accessories",103.782
767-05-1286,Giza,1/23/2019,Female,"Home and lifestyle",527.751
340-21-9136,Alex,1/25/2019,Female,"Sports and travel",168.21
405-31-3305,Alex,2/2/2019,Male,"Fashion accessories",452.865
731-59-7531,Cairo,3/30/2019,Male,"Health and beauty",609.588
676-39-6028,Alex,3/30/2019,Female,"Electronic accessories",338.31
502-05-1910,Alex,2/25/2019,Male,"Health and beauty",205.317
485-30-8700,Alex,3/18/2019,Female,"Sports and travel",174.615
598-47-9715,Giza,3/7/2019,Male,"Electronic accessories",353.094
701-69-8742,Cairo,3/16/2019,Male,"Sports and travel",360.885
575-67-1508,Alex,1/29/2019,Male,"Electronic accessories",40.53
541-08-3113,Giza,2/2/2019,Male,"Food and beverages",554.148
246-11-3901,Giza,2/15/2019,Female,"Electronic accessories",344.4
674-15-9296,Alex,1/8/2019,Male,"Sports and travel",194.985
305-18-3552,Cairo,2/12/2019,Male,"Home and lifestyle",633.99
493-65-6248,Giza,1/1/2019,Female,"Sports and travel",388.29
438-01-4015,Cairo,3/21/2019,Female,"Sports and travel",207.858
709-58-4068,Cairo,2/28/2019,Female,"Fashion accessories",431.445
795-49-7276,Alex,3/23/2019,Male,"Fashion accessories",156.03
556-72-8512,Giza,1/30/2019,Male,"Home and lifestyle",24.108
627-95-3243,Cairo,2/4/2019,Female,"Home and lifestyle",734.076
686-41-0932,Cairo,3/13/2019,Female,"Fashion accessories",72.87
510-09-5628,Alex,3/15/2019,Female,"Fashion accessories",206.43
608-04-3797,Cairo,3/5/2019,Female,"Health and beauty",212.688
148-82-2527,Giza,3/5/2019,Female,"Home and lifestyle",127.26
437-53-3084,Cairo,2/26/2019,Male,"Fashion accessories",209.769
632-32-4574,Cairo,3/20/2019,Male,"Sports and travel",637.728
556-97-7101,Giza,1/1/2019,Female,"Electronic accessories",132.762
862-59-8517,Giza,1/27/2019,Female,"Food and beverages",568.512
401-18-8016,Cairo,1/21/2019,Female,"Sports and travel",103.0365
420-18-8989,Alex,2/2/2019,Female,"Sports and travel",432.768
277-63-2961,Cairo,2/3/2019,Male,"Sports and travel",77.6685
573-98-8548,Giza,1/5/2019,Female,"Fashion accessories",33.495
620-02-2046,Giza,1/27/2019,Male,"Home and lifestyle",145.74
282-35-2475,Cairo,3/25/2019,Female,"Sports and travel",195.951
511-54-3087,Cairo,2/25/2019,Male,"Sports and travel",92.8725
726-29-6793,Alex,1/28/2019,Male,"Electronic accessories",203.112
387-49-4215,Cairo,1/8/2019,Female,"Sports and travel",152.775
862-17-9201,Cairo,1/29/2019,Female,"Food and beverages",529.515
291-21-5991,Cairo,3/29/2019,Male,"Health and beauty",321.7725
602-80-9671,Giza,2/9/2019,Female,"Home and lifestyle",100.485
347-72-6115,Cairo,1/16/2019,Female,"Sports and travel",666.939
209-61-0206,Alex,1/5/2019,Female,"Home and lifestyle",225.2775
595-27-4851,Alex,1/27/2019,Female,"Fashion accessories",398.958
189-52-0236,Alex,3/14/2019,Male,"Electronic accessories",731.6925
503-07-0930,Giza,2/23/2019,Male,"Sports and travel",429.1665
413-20-6708,Giza,3/18/2019,Female,"Fashion accessories",54.0435
425-85-2085,Cairo,3/29/2019,Male,"Health and beauty",288.015
521-18-7827,Giza,1/22/2019,Male,"Home and lifestyle",206.7975
220-28-1851,Alex,3/1/2019,Male,"Home and lifestyle",72.933
600-38-9738,Giza,1/17/2019,Male,"Sports and travel",377.58
734-91-1155,Cairo,3/26/2019,Female,"Electronic accessories",143.9865
451-28-5717,Giza,3/20/2019,Female,"Home and lifestyle",523.971
609-81-8548,Alex,2/6/2019,Female,"Home and lifestyle",235.872
133-14-7229,Giza,1/1/2019,Male,"Health and beauty",132.027
534-01-4457,Alex,1/27/2019,Male,"Food and beverages",514.773
719-89-8991,Alex,2/25/2019,Female,"Sports and travel",479.9025
286-62-6248,Cairo,1/16/2019,Male,"Fashion accessories",164.682
339-38-9982,Cairo,1/13/2019,Male,"Fashion accessories",125.706
827-44-5872,Cairo,2/7/2019,Female,"Food and beverages",570.78
827-77-7633,Alex,2/17/2019,Male,"Sports and travel",926.9505
287-83-1405,Alex,2/12/2019,Male,"Health and beauty",160.209
435-13-4908,Alex,1/24/2019,Male,"Fashion accessories",728.112
857-67-9057,Cairo,2/6/2019,Male,"Electronic accessories",240.975
236-27-1144,Giza,3/26/2019,Female,"Food and beverages",154.1295
892-05-6689,Alex,3/11/2019,Female,"Home and lifestyle",148.68
583-41-4548,Giza,2/7/2019,Male,"Home and lifestyle",122.5245
339-12-4827,Cairo,1/5/2019,Female,"Fashion accessories",77.658
643-38-7867,Alex,3/7/2019,Male,"Home and lifestyle",102.837
308-81-0538,Alex,2/25/2019,Female,"Fashion accessories",306.81
358-88-9262,Giza,2/1/2019,Female,"Food and beverages",551.124
460-35-4390,Alex,1/22/2019,Male,"Home and lifestyle",96.642
343-87-0864,Giza,1/3/2019,Male,"Health and beauty",79.674
173-50-1108,Cairo,2/13/2019,Female,"Sports and travel",84.756
243-47-2663,Giza,1/28/2019,Male,"Electronic accessories",118.251
841-18-8232,Cairo,1/5/2019,Female,"Food and beverages",74.76
701-23-5550,Cairo,3/19/2019,Male,"Home and lifestyle",163.002
647-50-1224,Alex,1/12/2019,Female,"Fashion accessories",308.91
541-48-8554,Alex,1/7/2019,Male,"Sports and travel",575.9775
539-21-7227,Cairo,1/26/2019,Female,"Sports and travel",270.585
213-32-1216,Alex,1/23/2019,Female,"Electronic accessories",416.178
747-58-7183,Cairo,2/9/2019,Male,"Fashion accessories",180.4005
582-52-8065,Cairo,2/22/2019,Female,"Fashion accessories",513.2295
210-57-1719,Cairo,2/5/2019,Female,"Health and beauty",550.368
399-69-4630,Giza,3/7/2019,Male,"Electronic accessories",139.923
134-75-2619,Alex,3/25/2019,Male,"Electronic accessories",142.002
356-44-8813,Cairo,1/20/2019,Male,"Home and lifestyle",118.062
198-66-9832,Cairo,2/4/2019,Female,"Fashion accessories",151.284
283-26-5248,Giza,1/30/2019,Female,"Food and beverages",1034.46
712-39-0363,Alex,1/2/2019,Male,"Food and beverages",262.458
218-59-9410,Alex,3/29/2019,Female,"Home and lifestyle",228.123
174-75-0888,Cairo,3/14/2019,Male,"Electronic accessories",203.931
866-99-7614,Giza,2/11/2019,Male,"Food and beverages",936.6
134-54-4720,Cairo,1/30/2019,Female,"Electronic accessories",356.328
760-90-2357,Alex,3/20/2019,Male,"Electronic accessories",469.413
514-37-2845,Cairo,3/20/2019,Male,"Fashion accessories",208.425
698-98-5964,Alex,1/17/2019,Female,"Food and beverages",852.705
718-57-9773,Giza,2/3/2019,Female,"Sports and travel",517.965
651-88-7328,Alex,1/1/2019,Female,"Fashion accessories",621.243
241-11-2261,Cairo,1/10/2019,Female,"Fashion accessories",586.971
408-26-9866,Giza,3/2/2019,Female,"Sports and travel",543.753
834-83-1826,Cairo,2/25/2019,Female,"Home and lifestyle",430.71
343-61-3544,Cairo,1/29/2019,Male,"Sports and travel",280.035
239-48-4278,Alex,3/10/2019,Male,"Food and beverages",74.4555
355-34-6244,Cairo,1/13/2019,Male,"Food and beverages",152.019
550-84-8664,Alex,3/22/2019,Male,"Sports and travel",451.0275
339-96-8318,Cairo,3/1/2019,Male,"Fashion accessories",597.6285
458-61-0011,Cairo,2/20/2019,Male,"Food and beverages",253.26
592-34-6155,Giza,1/14/2019,Male,"Food and beverages",133.434
797-88-0493,Alex,3/26/2019,Female,"Health and beauty",269.934
207-73-1363,Cairo,3/1/2019,Male,"Health and beauty",145.971
390-31-6381,Giza,1/7/2019,Male,"Food and beverages",85.743
443-82-0585,Alex,2/1/2019,Female,"Health and beauty",326.256
339-18-7061,Giza,2/13/2019,Female,"Fashion accessories",195.258
359-90-3665,Cairo,1/14/2019,Female,"Fashion accessories",75.936
375-72-3056,Cairo,1/19/2019,Male,"Sports and travel",198.639
127-47-6963,Alex,3/9/2019,Male,"Health and beauty",217.182
278-86-2735,Alex,3/27/2019,Female,"Food and beverages",164.871
695-28-6250,Alex,2/4/2019,Female,"Sports and travel",226.065
379-17-6588,Giza,3/14/2019,Male,"Fashion accessories",625.905
227-50-3718,Alex,3/4/2019,Male,"Health and beauty",76.755
302-15-2162,Giza,3/3/2019,Male,"Health and beauty",293.139
788-07-8452,Giza,1/27/2019,Female,"Home and lifestyle",178.164
560-49-6611,Alex,2/7/2019,Female,"Sports and travel",47.859
880-35-0356,Alex,2/5/2019,Female,"Sports and travel",236.88
585-11-6748,Cairo,3/15/2019,Male,"Sports and travel",304.92
470-31-3286,Cairo,3/1/2019,Male,"Health and beauty",46.683
152-68-2907,Alex,2/15/2019,Male,"Food and beverages",164.43
123-35-4896,Giza,2/17/2019,Female,"Sports and travel",440.937
258-69-7810,Giza,1/26/2019,Female,"Fashion accessories",193.4625
334-64-2006,Alex,3/24/2019,Female,"Home and lifestyle",147.672
219-61-4139,Giza,1/23/2019,Male,"Electronic accessories",87.234
881-41-7302,Giza,1/26/2019,Female,"Fashion accessories",68.2395
373-09-4567,Giza,3/14/2019,Male,"Food and beverages",814.38
642-30-6693,Cairo,3/17/2019,Female,"Sports and travel",343.413
484-22-8230,Giza,1/8/2019,Female,"Fashion accessories",381.3915
830-58-2383,Cairo,2/8/2019,Male,"Home and lifestyle",133.35
559-98-9873,Alex,2/10/2019,Female,"Fashion accessories",394.3275
544-32-5024,Giza,3/28/2019,Female,"Food and beverages",209.118
318-12-0304,Alex,1/23/2019,Male,"Fashion accessories",32.1405
349-97-8902,Cairo,1/17/2019,Male,"Food and beverages",121.569
421-95-9805,Alex,2/7/2019,Female,"Electronic accessories",30.408
277-35-5865,Giza,3/9/2019,Female,"Food and beverages",935.2665
789-23-8625,Cairo,1/24/2019,Male,"Fashion accessories",293.643
284-54-4231,Giza,1/19/2019,Male,"Sports and travel",84.9765
443-59-0061,Alex,2/3/2019,Male,"Food and beverages",708.225
509-29-3912,Alex,3/20/2019,Female,"Sports and travel",365.904
327-40-9673,Cairo,1/13/2019,Male,"Sports and travel",457.38
840-19-2096,Giza,3/14/2019,Male,"Electronic accessories",461.5275
828-46-6863,Alex,1/23/2019,Male,"Food and beverages",620.739
641-96-3695,Giza,2/7/2019,Female,"Fashion accessories",273.798
420-97-3340,Alex,3/28/2019,Female,"Food and beverages",225.792
436-54-4512,Alex,3/20/2019,Female,"Food and beverages",96.1905
670-79-6321,Cairo,1/17/2019,Female,"Home and lifestyle",695.2365
852-62-7105,Cairo,1/12/2019,Female,"Fashion accessories",874.125
598-06-7312,Cairo,2/16/2019,Male,"Fashion accessories",95.9175
135-13-8269,Cairo,1/26/2019,Female,"Food and beverages",165.648
816-57-2053,Alex,3/9/2019,Male,"Sports and travel",127.827
628-90-8624,Cairo,3/14/2019,Male,"Health and beauty",867.09
856-66-2701,Alex,1/25/2019,Male,"Home and lifestyle",167.895
308-39-1707,Alex,1/26/2019,Female,"Fashion accessories",12.6945
149-61-1929,Alex,1/19/2019,Male,"Sports and travel",673.995
655-07-2265,Alex,3/5/2019,Male,"Electronic accessories",246.6765
589-02-8023,Alex,1/15/2019,Male,"Food and beverages",175.917
420-04-7590,Cairo,3/18/2019,Male,"Home and lifestyle",314.055
182-88-2763,Cairo,3/20/2019,Male,"Food and beverages",251.7165
188-55-0967,Cairo,1/15/2019,Male,"Health and beauty",697.935
610-46-4100,Alex,3/3/2019,Male,"Health and beauty",212.7825
318-81-2368,Giza,3/19/2019,Female,"Electronic accessories",48.51
364-33-8584,Cairo,3/8/2019,Female,"Food and beverages",92.5575
665-63-9737,Cairo,2/27/2019,Male,"Fashion accessories",165.123
695-09-5146,Cairo,2/23/2019,Female,"Food and beverages",311.1885
155-45-3814,Giza,3/19/2019,Female,"Electronic accessories",743.82
794-32-2436,Cairo,3/27/2019,Male,"Electronic accessories",116.907
131-15-8856,Giza,3/30/2019,Female,"Food and beverages",609.168
273-84-2164,Giza,2/16/2019,Male,"Electronic accessories",63.2625
706-36-6154,Alex,1/18/2019,Male,"Home and lifestyle",182.952
778-89-7974,Giza,3/30/2019,Male,"Health and beauty",442.323
574-31-8277,Cairo,3/20/2019,Male,"Fashion accessories",35.3115
859-71-0933,Giza,1/16/2019,Female,"Sports and travel",32.529
740-11-5257,Giza,2/24/2019,Male,"Electronic accessories",259.77
369-82-2676,Cairo,1/15/2019,Male,"Electronic accessories",397.215
563-47-4072,Cairo,1/22/2019,Female,"Health and beauty",351.603
742-04-5161,Alex,2/3/2019,Male,"Home and lifestyle",764.19
149-15-7606,Cairo,3/6/2019,Male,"Sports and travel",352.674
133-77-3154,Cairo,2/16/2019,Male,"Fashion accessories",252.756
169-52-4504,Alex,3/14/2019,Female,"Electronic accessories",49.4235
250-81-7186,Giza,2/27/2019,Female,"Electronic accessories",104.6745
562-12-5430,Alex,1/18/2019,Female,"Fashion accessories",277.6725
816-72-8853,Alex,1/29/2019,Female,"Sports and travel",146.6325
491-38-3499,Alex,2/26/2019,Male,"Fashion accessories",58.2225
322-02-2271,Cairo,2/3/2019,Female,"Sports and travel",135.3555
842-29-4695,Giza,1/16/2019,Male,"Sports and travel",125.979
725-67-2480,Cairo,3/24/2019,Female,"Fashion accessories",370.125
641-51-2661,Giza,2/12/2019,Female,"Food and beverages",914.55
714-02-3114,Giza,2/21/2019,Female,"Sports and travel",207.48
518-17-2983,Alex,2/4/2019,Female,"Fashion accessories",204.246
779-42-2410,Cairo,2/20/2019,Male,"Food and beverages",181.881
190-14-3147,Cairo,2/23/2019,Female,"Health and beauty",75.474
408-66-6712,Giza,2/16/2019,Female,"Health and beauty",300.573
679-22-6530,Cairo,1/17/2019,Female,"Sports and travel",85.302
588-47-8641,Alex,1/14/2019,Male,"Fashion accessories",588.42
642-61-4706,Cairo,3/30/2019,Male,"Food and beverages",196.14
576-31-4774,Cairo,3/2/2019,Female,"Health and beauty",231.2415
556-41-6224,Giza,2/15/2019,Male,"Health and beauty",282.576
811-03-8790,Alex,3/1/2019,Female,"Electronic accessories",477.54
242-11-3142,Cairo,2/24/2019,Male,"Fashion accessories",175.917
752-23-3760,Cairo,2/19/2019,Female,"Sports and travel",470.988
274-05-5470,Alex,2/23/2019,Female,"Food and beverages",308.574
648-94-3045,Giza,2/7/2019,Male,"Health and beauty",618.975
130-67-4723,Alex,1/11/2019,Male,"Food and beverages",305.55
528-87-5606,Cairo,2/12/2019,Female,"Electronic accessories",41.454
320-85-2052,Cairo,1/14/2019,Female,"Sports and travel",36.5505
370-96-0655,Giza,1/9/2019,Female,"Fashion accessories",310.716
105-10-6182,Alex,2/27/2019,Male,"Fashion accessories",45.108
510-79-0415,Cairo,1/24/2019,Female,"Sports and travel",145.404
241-96-5076,Cairo,1/8/2019,Female,"Home and lifestyle",103.11
767-97-4650,Cairo,1/8/2019,Female,"Sports and travel",136.143
648-83-1321,Alex,1/16/2019,Male,"Home and lifestyle",667.38
173-57-2300,Giza,3/13/2019,Male,"Sports and travel",153.048
305-03-2383,Alex,2/15/2019,Female,"Food and beverages",211.365
394-55-6384,Giza,1/25/2019,Female,"Sports and travel",663.2955
266-20-6657,Giza,3/12/2019,Male,"Food and beverages",404.544
689-05-1884,Alex,3/4/2019,Male,"Health and beauty",510.615
196-01-2849,Giza,2/10/2019,Female,"Fashion accessories",539.343
372-62-5264,Giza,1/16/2019,Female,"Food and beverages",497.07
800-09-8606,Alex,1/29/2019,Female,"Home and lifestyle",458.6925
182-52-7000,Alex,1/1/2019,Female,"Sports and travel",113.568
826-58-8051,Cairo,1/6/2019,Male,"Home and lifestyle",261.198
868-06-0466,Alex,2/19/2019,Male,"Electronic accessories",657.531
751-41-9720,Giza,1/12/2019,Male,"Home and lifestyle",1023.75
626-43-7888,Giza,2/7/2019,Female,"Fashion accessories",507.444
176-64-7711,Cairo,3/27/2019,Male,"Food and beverages",101.808
191-29-0321,Cairo,2/27/2019,Female,"Fashion accessories",207.585
729-06-2010,Cairo,1/6/2019,Male,"Health and beauty",760.4415
640-48-5028,Cairo,3/2/2019,Female,"Home and lifestyle",835.2855
186-79-9562,Cairo,3/29/2019,Male,"Health and beauty",527.5095
834-45-5519,Cairo,1/31/2019,Female,"Electronic accessories",180.6
162-65-8559,Giza,1/21/2019,Male,"Food and beverages",72.429
760-27-5490,Giza,1/20/2019,Male,"Fashion accessories",131.208
445-30-9252,Alex,1/17/2019,Male,"Sports and travel",80.955
786-94-2700,Alex,2/28/2019,Male,"Food and beverages",507.906
728-88-7867,Giza,3/19/2019,Female,"Home and lifestyle",317.226
183-21-3799,Giza,2/19/2019,Female,"Electronic accessories",733.6035
268-20-3585,Giza,2/4/2019,Female,"Health and beauty",130.8825
735-32-9839,Giza,1/31/2019,Male,"Fashion accessories",829.08
258-92-7466,Alex,2/6/2019,Female,"Health and beauty",187.32
857-16-3520,Alex,3/28/2019,Female,"Fashion accessories",525.231
482-17-1179,Alex,1/19/2019,Male,"Electronic accessories",37.611
788-21-5741,Alex,2/17/2019,Male,"Fashion accessories",142.947
821-14-9046,Cairo,1/18/2019,Female,"Fashion accessories",110.124
418-05-0656,Cairo,2/2/2019,Female,"Fashion accessories",187.866
678-79-0726,Giza,1/18/2019,Female,"Sports and travel",856.4535
776-68-1096,Cairo,3/18/2019,Male,"Home and lifestyle",138.978
592-46-1692,Giza,1/11/2019,Female,"Food and beverages",270.2595
434-35-9162,Cairo,2/4/2019,Male,"Food and beverages",98.028
149-14-0304,Giza,2/6/2019,Female,"Health and beauty",239.4
442-44-6497,Giza,1/8/2019,Male,"Home and lifestyle",175.0455
174-64-0215,Cairo,3/5/2019,Male,"Sports and travel",732.27
210-74-9613,Giza,3/16/2019,Male,"Fashion accessories",408.492
299-29-0180,Cairo,3/9/2019,Female,"Home and lifestyle",383.523
247-11-2470,Alex,3/1/2019,Female,"Fashion accessories",93.744
635-28-5728,Alex,2/28/2019,Male,"Health and beauty",176.4
756-49-0168,Alex,2/8/2019,Male,"Fashion accessories",20.685
438-23-1242,Cairo,1/24/2019,Male,"Electronic accessories",557.718
238-45-6950,Cairo,3/1/2019,Male,"Food and beverages",56.406
607-65-2441,Giza,3/10/2019,Male,"Health and beauty",860.475
386-27-7606,Giza,3/23/2019,Female,"Home and lifestyle",596.82
137-63-5492,Giza,1/29/2019,Male,"Electronic accessories",616.98
197-77-7132,Cairo,1/12/2019,Male,"Electronic accessories",769.104
805-86-0265,Alex,3/20/2019,Male,"Home and lifestyle",887.922
733-29-1227,Giza,3/23/2019,Male,"Home and lifestyle",408.7335
451-73-2711,Giza,1/14/2019,Male,"Food and beverages",89.0715
373-14-0504,Alex,2/12/2019,Female,"Sports and travel",150.423
546-80-2899,Alex,2/20/2019,Male,"Home and lifestyle",79.149
345-68-9016,Giza,1/2/2019,Female,"Sports and travel",266.028
390-17-5806,Giza,2/2/2019,Female,"Food and beverages",40.341
457-13-1708,Cairo,1/8/2019,Male,"Fashion accessories",684.915
664-14-2882,Giza,1/30/2019,Female,"Home and lifestyle",55.2825
487-79-6868,Cairo,3/26/2019,Female,"Home and lifestyle",116.1405
314-23-4520,Giza,1/15/2019,Male,"Health and beauty",597.0405
210-30-7976,Cairo,3/14/2019,Female,"Fashion accessories",93.744
585-86-8361,Alex,2/3/2019,Female,"Food and beverages",143.22
807-14-7833,Alex,2/22/2019,Female,"Electronic accessories",182.91
775-72-1988,Cairo,1/24/2019,Male,"Home and lifestyle",384.72
288-38-3758,Giza,1/25/2019,Female,"Fashion accessories",267.3405
652-43-6591,Alex,3/9/2019,Female,"Fashion accessories",817.236
785-96-0615,Cairo,2/17/2019,Female,"Electronic accessories",300.216
406-46-7107,Alex,1/11/2019,Female,"Home and lifestyle",608.076
250-17-5703,Alex,2/27/2019,Male,"Food and beverages",197.925
156-95-3964,Alex,3/25/2019,Female,"Food and beverages",232.638
842-40-8179,Cairo,2/11/2019,Female,"Food and beverages",810.6
525-09-8450,Cairo,1/31/2019,Male,"Electronic accessories",757.365
410-67-1709,Alex,1/20/2019,Female,"Fashion accessories",536.592
587-73-4862,Alex,3/26/2019,Female,"Health and beauty",56.1225
787-87-2010,Alex,1/20/2019,Male,"Health and beauty",233.1
593-14-4239,Cairo,3/5/2019,Female,"Home and lifestyle",801.864
801-88-0346,Giza,1/5/2019,Female,"Fashion accessories",239.589
388-76-2555,Cairo,2/13/2019,Male,"Sports and travel",86.247
711-31-1234,Cairo,3/16/2019,Female,"Electronic accessories",401.688
886-54-6089,Alex,1/15/2019,Female,"Home and lifestyle",72.009
707-32-7409,Cairo,2/26/2019,Female,"Sports and travel",401.268
759-98-4285,Giza,2/27/2019,Female,"Health and beauty",631.1445
201-63-8275,Giza,2/17/2019,Female,"Sports and travel",499.7265
471-06-8611,Giza,2/6/2019,Female,"Food and beverages",55.041
200-16-5952,Giza,1/17/2019,Male,"Food and beverages",137.865
120-54-2248,Cairo,1/22/2019,Female,"Food and beverages",151.515
102-77-2261,Giza,3/5/2019,Male,"Health and beauty",480.0285
875-31-8302,Cairo,1/3/2019,Male,"Sports and travel",98.049
102-06-2002,Giza,3/20/2019,Male,"Sports and travel",132.5625
457-94-0464,Cairo,1/31/2019,Male,"Electronic accessories",830.3715
629-42-4133,Giza,2/19/2019,Male,"Health and beauty",183.12
534-53-3526,Alex,2/11/2019,Female,"Sports and travel",397.992
307-04-2070,Alex,2/5/2019,Female,"Fashion accessories",32.151
468-99-7231,Giza,3/3/2019,Female,"Home and lifestyle",369.684
516-77-6464,Giza,2/24/2019,Female,"Health and beauty",53.34
404-91-5964,Alex,2/4/2019,Male,"Electronic accessories",548.163
886-77-9084,Giza,2/19/2019,Male,"Electronic accessories",603.876
790-38-4466,Giza,1/23/2019,Female,"Health and beauty",57.6975
704-10-4056,Giza,1/14/2019,Male,"Health and beauty",190.4805
497-37-6538,Alex,1/17/2019,Male,"Sports and travel",432.9885
651-96-5970,Alex,3/3/2019,Male,"Fashion accessories",48.7305
400-80-4065,Giza,2/15/2019,Male,"Health and beauty",287.91
744-16-7898,Cairo,1/15/2019,Female,"Home and lifestyle",1022.385
263-12-5321,Alex,2/27/2019,Male,"Electronic accessories",680.61
702-72-0487,Alex,2/26/2019,Female,"Electronic accessories",97.881
605-83-1050,Cairo,3/15/2019,Male,"Fashion accessories",57.078
443-60-9639,Giza,1/24/2019,Female,"Home and lifestyle",63.9135
864-24-7918,Alex,2/22/2019,Female,"Sports and travel",257.145
359-94-5395,Cairo,3/15/2019,Male,"Health and beauty",97.419
401-09-4232,Giza,2/11/2019,Male,"Home and lifestyle",455.1225
751-15-6198,Cairo,1/12/2019,Male,"Sports and travel",144.963
324-41-6833,Giza,3/3/2019,Female,"Electronic accessories",253.68
474-33-8305,Giza,3/23/2019,Male,"Fashion accessories",495.3165
759-29-9521,Alex,3/4/2019,Female,"Fashion accessories",462.672
831-81-6575,Cairo,2/23/2019,Female,"Electronic accessories",714.3255
220-68-6701,Alex,3/17/2019,Female,"Home and lifestyle",325.374
618-34-8551,Alex,1/16/2019,Female,"Sports and travel",195.678
257-60-7754,Alex,1/8/2019,Female,"Electronic accessories",210.966
559-61-5987,Cairo,1/14/2019,Female,"Health and beauty",18.6375
189-55-2313,Giza,1/31/2019,Female,"Fashion accessories",652.89
565-91-4567,Cairo,3/15/2019,Male,"Health and beauty",90.3
380-60-5336,Alex,2/24/2019,Female,"Electronic accessories",422.73
815-04-6282,Giza,2/8/2019,Female,"Sports and travel",341.0925
674-56-6360,Alex,3/22/2019,Male,"Electronic accessories",99.9075
778-34-2523,Alex,1/24/2019,Female,"Electronic accessories",408.408
499-27-7781,Cairo,3/14/2019,Female,"Food and beverages",446.964
477-59-2456,Giza,1/23/2019,Female,"Fashion accessories",333.984
832-51-6761,Alex,1/19/2019,Male,"Food and beverages",284.592
869-11-3082,Cairo,1/27/2019,Male,"Health and beauty",403.872
190-59-3964,Cairo,2/3/2019,Male,"Food and beverages",247.59
366-43-6862,Cairo,3/25/2019,Male,"Electronic accessories",222.138
186-43-8965,Alex,2/24/2019,Female,"Home and lifestyle",100.128
784-21-9238,Giza,2/7/2019,Male,"Sports and travel",10.6785
276-75-6884,Alex,3/4/2019,Female,"Health and beauty",216.4365
109-86-4363,Cairo,2/14/2019,Female,"Sports and travel",441.588
569-76-2760,Alex,1/29/2019,Female,"Sports and travel",92.442
222-42-0244,Cairo,1/28/2019,Female,"Health and beauty",681.4395
760-53-9233,Alex,3/26/2019,Male,"Fashion accessories",130.032
538-22-0304,Giza,3/24/2019,Male,"Electronic accessories",681.975
416-17-9926,Alex,1/1/2019,Female,"Electronic accessories",779.31
237-44-6163,Alex,1/24/2019,Male,"Electronic accessories",88.704
636-17-0325,Cairo,2/25/2019,Male,"Health and beauty",262.794
343-75-9322,Cairo,1/9/2019,Female,"Sports and travel",99.54
528-14-9470,Alex,2/14/2019,Male,"Health and beauty",95.865
427-45-9297,Cairo,3/12/2019,Female,"Home and lifestyle",299.3655
807-34-3742,Alex,3/26/2019,Male,"Fashion accessories",54.999
288-62-1085,Alex,1/9/2019,Male,"Fashion accessories",202.335
670-71-7306,Cairo,1/2/2019,Male,"Sports and travel",281.169
660-29-7083,Giza,1/15/2019,Male,"Electronic accessories",586.635
271-77-8740,Giza,1/1/2019,Female,"Sports and travel",184.086
497-36-0989,Alex,2/15/2019,Male,"Fashion accessories",163.611
291-59-1384,Cairo,2/28/2019,Male,"Electronic accessories",63.315
860-73-6466,Alex,3/2/2019,Female,"Sports and travel",82.887
549-23-9016,Giza,2/13/2019,Female,"Food and beverages",31.227
896-34-0956,Alex,1/26/2019,Male,"Fashion accessories",22.386
804-38-3935,Alex,1/30/2019,Male,"Electronic accessories",295.407
585-90-0249,Alex,1/27/2019,Male,"Electronic accessories",76.923
862-29-5914,Giza,1/30/2019,Female,"Sports and travel",23.499
845-94-6841,Giza,1/8/2019,Female,"Food and beverages",688.716
125-45-2293,Alex,1/19/2019,Female,"Fashion accessories",624.33
843-73-4724,Alex,1/25/2019,Male,"Fashion accessories",77.805
409-33-9708,Alex,2/19/2019,Female,"Fashion accessories",206.808
658-66-3967,Giza,1/14/2019,Male,"Health and beauty",390.9465
866-70-2814,Cairo,2/25/2019,Female,"Electronic accessories",554.295
160-22-2687,Alex,1/23/2019,Female,"Health and beauty",503.7375
895-03-6665,Cairo,2/16/2019,Female,"Fashion accessories",345.0195
770-42-8960,Cairo,1/1/2019,Male,"Food and beverages",177.408
748-45-2862,Alex,3/7/2019,Female,"Home and lifestyle",118.902
234-36-2483,Cairo,2/15/2019,Male,"Health and beauty",362.817
316-66-3011,Alex,1/23/2019,Female,"Food and beverages",450.1035
848-95-6252,Giza,2/20/2019,Female,"Home and lifestyle",90.5835
840-76-5966,Alex,1/8/2019,Male,"Sports and travel",26.796
152-03-4217,Cairo,3/17/2019,Female,"Home and lifestyle",106.596
533-66-5566,Cairo,1/12/2019,Female,"Home and lifestyle",375.3645
124-31-1458,Alex,1/8/2019,Female,"Electronic accessories",250.7085
176-78-1170,Giza,1/26/2019,Male,"Health and beauty",106.5015
361-59-0574,Cairo,3/15/2019,Male,"Sports and travel",760.452
101-81-4070,Giza,1/17/2019,Female,"Health and beauty",131.922
631-34-1880,Giza,1/8/2019,Male,"Food and beverages",76.5765
852-82-2749,Alex,1/6/2019,Male,"Sports and travel",271.278
873-14-6353,Alex,2/16/2019,Male,"Food and beverages",182.427
584-66-4073,Giza,3/13/2019,Male,"Fashion accessories",59.325
544-55-9589,Cairo,1/28/2019,Female,"Electronic accessories",225.015
166-19-2553,Alex,1/18/2019,Male,"Sports and travel",561.078
737-88-5876,Alex,3/19/2019,Male,"Home and lifestyle",97.818
154-87-7367,Giza,3/15/2019,Male,"Home and lifestyle",548.184
885-56-0389,Giza,2/12/2019,Male,"Fashion accessories",54.9675
608-05-3804,Cairo,2/25/2019,Male,"Electronic accessories",41.7375
448-61-3783,Alex,3/21/2019,Female,"Electronic accessories",756.168
761-49-0439,Cairo,1/19/2019,Female,"Electronic accessories",101.64
490-95-0021,Cairo,1/8/2019,Female,"Food and beverages",348.705
115-38-7388,Giza,3/30/2019,Female,"Fashion accessories",85.512
311-13-6971,Cairo,2/20/2019,Male,"Sports and travel",335.895
291-55-6563,Alex,3/30/2019,Female,"Home and lifestyle",216.846
548-48-3156,Alex,3/19/2019,Female,"Food and beverages",175.014
460-93-5834,Alex,1/13/2019,Male,"Sports and travel",335.013
325-89-4209,Alex,2/5/2019,Male,"Food and beverages",92.295
884-80-6021,Alex,3/23/2019,Female,"Electronic accessories",771.435
137-74-8729,Giza,3/13/2019,Female,"Fashion accessories",102.396
880-46-5796,Alex,3/17/2019,Male,"Sports and travel",807.66
389-70-2397,Giza,2/21/2019,Female,"Health and beauty",439.215
114-35-5271,Cairo,2/7/2019,Female,"Electronic accessories",486.444
607-76-6216,Giza,3/2/2019,Female,"Fashion accessories",485.5725
715-20-1673,Cairo,3/6/2019,Male,"Electronic accessories",148.995
811-35-1094,Cairo,2/6/2019,Male,"Electronic accessories",317.835
699-88-1972,Cairo,1/28/2019,Male,"Health and beauty",832.944
781-84-8059,Giza,1/18/2019,Male,"Fashion accessories",446.439
409-49-6995,Giza,2/5/2019,Female,"Food and beverages",297.801
725-54-0677,Giza,3/2/2019,Male,"Health and beauty",629.16
146-09-5432,Alex,2/9/2019,Male,"Food and beverages",331.128
377-79-7592,Giza,1/14/2019,Female,"Electronic accessories",423.738
509-10-0516,Cairo,2/9/2019,Male,"Home and lifestyle",193.074
595-94-9924,Alex,3/26/2019,Female,"Health and beauty",145.5825
865-41-9075,Alex,1/28/2019,Male,"Food and beverages",84.7455
545-07-8534,Giza,2/14/2019,Female,"Health and beauty",122.472
118-62-1812,Giza,3/24/2019,Female,"Home and lifestyle",329.196
450-42-3339,Giza,2/9/2019,Male,"Health and beauty",888.405
851-98-3555,Cairo,3/24/2019,Female,"Health and beauty",435.12
186-71-5196,Alex,3/27/2019,Female,"Food and beverages",167.034
624-01-8356,Cairo,1/27/2019,Female,"Home and lifestyle",514.605
313-66-9943,Cairo,3/27/2019,Female,"Food and beverages",91.8225
151-27-8496,Giza,1/19/2019,Female,"Electronic accessories",235.746
453-33-6436,Alex,2/7/2019,Female,"Home and lifestyle",782.208
522-57-8364,Alex,1/31/2019,Male,"Fashion accessories",431.256
459-45-2396,Alex,2/25/2019,Female,"Food and beverages",313.74
717-96-4189,Giza,2/2/2019,Female,"Electronic accessories",223.587
722-13-2115,Giza,3/14/2019,Male,"Sports and travel",44.9925
749-81-8133,Alex,3/11/2019,Female,"Fashion accessories",397.614
777-67-2495,Cairo,2/22/2019,Male,"Home and lifestyle",217.2555
636-98-3364,Cairo,3/2/2019,Female,"Electronic accessories",82.719
246-55-6923,Giza,3/10/2019,Female,"Home and lifestyle",338.2155
181-82-6255,Cairo,2/8/2019,Female,"Home and lifestyle",103.131
838-02-1821,Giza,2/22/2019,Female,"Home and lifestyle",26.733
887-42-0517,Giza,1/10/2019,Female,"Sports and travel",611.079
457-12-0244,Giza,3/14/2019,Female,"Sports and travel",221.886
226-34-0034,Cairo,1/10/2019,Female,"Electronic accessories",57.876
321-49-7382,Cairo,2/15/2019,Male,"Sports and travel",92.7255
397-25-8725,Alex,1/13/2019,Female,"Health and beauty",374.409
431-66-2305,Cairo,2/15/2019,Female,"Electronic accessories",833.9625
825-94-5922,Cairo,3/2/2019,Male,"Sports and travel",53.151
641-62-7288,Cairo,3/24/2019,Male,"Home and lifestyle",629.496
756-93-1854,Giza,2/2/2019,Female,"Fashion accessories",175.035
243-55-8457,Alex,2/27/2019,Female,"Food and beverages",781.62
458-10-8612,Giza,1/20/2019,Male,"Health and beauty",470.988
501-61-1753,Cairo,1/3/2019,Female,"Home and lifestyle",397.845
235-06-8510,Giza,1/24/2019,Male,"Home and lifestyle",270.018
433-08-7822,Giza,1/5/2019,Female,"Health and beauty",579.8415
361-85-2571,Alex,3/30/2019,Female,"Sports and travel",469.77
131-70-8179,Alex,2/17/2019,Female,"Health and beauty",290.0835
500-02-2261,Giza,3/21/2019,Female,"Food and beverages",360.927
720-72-2436,Alex,3/2/2019,Male,"Food and beverages",279.384
702-83-5291,Giza,3/27/2019,Male,"Fashion accessories",943.299
809-69-9497,Alex,1/19/2019,Female,"Home and lifestyle",479.64
449-16-6770,Alex,2/19/2019,Male,"Health and beauty",266.6475
333-23-2632,Alex,3/28/2019,Male,"Health and beauty",74.088
489-82-1237,Alex,1/5/2019,Female,"Electronic accessories",690.018
859-97-6048,Giza,3/26/2019,Male,"Electronic accessories",176.925
676-10-2200,Cairo,2/3/2019,Male,"Fashion accessories",56.469
373-88-1424,Giza,2/6/2019,Male,"Home and lifestyle",188.0025
365-16-4334,Cairo,2/24/2019,Female,"Food and beverages",222.012
503-21-4385,Cairo,2/21/2019,Male,"Health and beauty",125.7165
305-89-2768,Cairo,1/9/2019,Female,"Home and lifestyle",68.985
574-80-1489,Cairo,2/25/2019,Female,"Food and beverages",263.97
784-08-0310,Giza,1/13/2019,Female,"Food and beverages",88.368
200-40-6154,Cairo,2/9/2019,Male,"Home and lifestyle",415.233
846-10-0341,Alex,1/6/2019,Female,"Fashion accessories",312.8895
577-34-7579,Giza,1/10/2019,Male,"Food and beverages",477.1305
430-02-3888,Cairo,2/7/2019,Male,"Electronic accessories",289.926
867-47-1948,Giza,1/9/2019,Female,"Home and lifestyle",165.9
384-59-6655,Alex,2/19/2019,Female,"Food and beverages",932.337
256-58-3609,Giza,3/18/2019,Male,"Fashion accessories",96.579
324-92-3863,Alex,2/5/2019,Male,"Electronic accessories",43.869
593-08-5916,Alex,3/19/2019,Female,"Fashion accessories",16.275
364-34-2972,Giza,3/30/2019,Male,"Electronic accessories",304.983
794-42-3736,Cairo,1/26/2019,Male,"Food and beverages",69.993
172-42-8274,Cairo,3/2/2019,Female,"Electronic accessories",80.367
558-60-5016,Alex,3/4/2019,Female,"Home and lifestyle",314.685
195-06-0432,Alex,1/13/2019,Male,"Home and lifestyle",255.1815
605-03-2706,Alex,3/25/2019,Female,"Health and beauty",49.77
214-30-2776,Cairo,3/11/2019,Female,"Electronic accessories",181.0725
746-04-1077,Cairo,1/1/2019,Female,"Food and beverages",888.615
448-34-8700,Cairo,2/10/2019,Male,"Home and lifestyle",271.2885
452-04-8808,Cairo,1/26/2019,Male,"Electronic accessories",640.038
531-56-4728,Alex,2/11/2019,Male,"Home and lifestyle",252.252
744-82-9138,Giza,2/7/2019,Male,"Fashion accessories",180.873
883-69-1285,Cairo,3/6/2019,Male,"Fashion accessories",104.832
221-25-5073,Alex,3/4/2019,Female,"Food and beverages",313.572
518-71-6847,Cairo,2/26/2019,Male,"Food and beverages",167.58
156-20-0370,Cairo,3/10/2019,Female,"Electronic accessories",26.7225
151-33-7434,Cairo,2/4/2019,Female,"Food and beverages",71.1585
728-47-9078,Giza,1/19/2019,Male,"Food and beverages",250.278
809-46-1866,Alex,1/23/2019,Male,"Health and beauty",244.23
139-32-4183,Alex,3/14/2019,Female,"Sports and travel",921.186
148-41-7930,Giza,1/23/2019,Male,"Health and beauty",734.706
189-40-5216,Giza,1/9/2019,Male,"Electronic accessories",708.3195
374-38-5555,Cairo,2/7/2019,Female,"Fashion accessories",334.4775
764-44-8999,Cairo,2/18/2019,Female,"Health and beauty",30.996
552-44-5977,Cairo,1/3/2019,Male,"Health and beauty",520.8
267-62-7380,Giza,3/29/2019,Male,"Electronic accessories",864.57
430-53-4718,Cairo,1/28/2019,Male,"Health and beauty",633.108
886-18-2897,Alex,3/22/2019,Female,"Food and beverages",296.94
602-16-6955,Cairo,1/24/2019,Female,"Sports and travel",804.3
745-74-0715,Alex,3/10/2019,Male,"Electronic accessories",121.863
690-01-6631,Cairo,2/22/2019,Male,"Fashion accessories",183.645
652-49-6720,Giza,2/18/2019,Female,"Electronic accessories",63.9975
233-67-5758,Giza,1/29/2019,Male,"Health and beauty",42.3675
303-96-2227,Cairo,3/2/2019,Female,"Home and lifestyle",1022.49
727-02-1313,Alex,2/9/2019,Male,"Food and beverages",33.432
347-56-2442,Alex,2/22/2019,Male,"Home and lifestyle",69.111
849-09-3807,Alex,2/18/2019,Female,"Fashion accessories",649.299
